"Correlation id","Operation name","Status","Event category","Level","Time","Subscription","Event initiated by","Resource type","Resource group","Resource"
"bd32d88c-3138-43f2-b0bd-16645dd831bb","Create or Update Virtual Machine Scale Set","Succeeded","Administrative","Informational","2024-03-07T20:56:47.350Z","e7dc935a-7e69-4b70-90e9-4a4eb71d7ca6","Windows Azure Application Insights","Microsoft.Compute/virtualMachineScaleSets","vmss-scaling14","/subscriptions/e7dc935a-7e69-4b70-90e9-4a4eb71d7ca6/resourcegroups/vmss-scaling14/providers/Microsoft.Compute/virtualMachineScaleSets/scalingVmss"
"bd32d88c-3138-43f2-b0bd-16645dd831bb","Create or Update Virtual Machine Scale Set","Started","Administrative","Informational","2024-03-07T20:55:43.865Z","e7dc935a-7e69-4b70-90e9-4a4eb71d7ca6","Windows Azure Application Insights","Microsoft.Compute/virtualMachineScaleSets","vmss-scaling14","/subscriptions/e7dc935a-7e69-4b70-90e9-4a4eb71d7ca6/resourceGroups/vmss-scaling14/providers/Microsoft.Compute/virtualMachineScaleSets/scalingVmss"
"bd32d88c-3138-43f2-b0bd-16645dd831bb","'audit' Policy action.","Succeeded","Policy","Warning","2024-03-07T20:55:44.006Z","e7dc935a-7e69-4b70-90e9-4a4eb71d7ca6","Windows Azure Application Insights","Microsoft.Compute/virtualMachineScaleSets","vmss-scaling14","/subscriptions/e7dc935a-7e69-4b70-90e9-4a4eb71d7ca6/resourceGroups/vmss-scaling14/providers/Microsoft.Compute/virtualMachineScaleSets/scalingVmss"
"bd32d88c-3138-43f2-b0bd-16645dd831bb","'auditIfNotExists' Policy action.","Started","Policy","Informational","2024-03-07T20:55:47.757Z","e7dc935a-7e69-4b70-90e9-4a4eb71d7ca6","Windows Azure Application Insights","Microsoft.Compute/virtualMachineScaleSets","vmss-scaling14","/subscriptions/e7dc935a-7e69-4b70-90e9-4a4eb71d7ca6/resourceGroups/vmss-scaling14/providers/Microsoft.Compute/virtualMachineScaleSets/scalingVmss"
"bd32d88c-3138-43f2-b0bd-16645dd831bb","Create or Update Virtual Machine Scale Set","Accepted","Administrative","Informational","2024-03-07T20:55:47.850Z","e7dc935a-7e69-4b70-90e9-4a4eb71d7ca6","Windows Azure Application Insights","Microsoft.Compute/virtualMachineScaleSets","vmss-scaling14","/subscriptions/e7dc935a-7e69-4b70-90e9-4a4eb71d7ca6/resourceGroups/vmss-scaling14/providers/Microsoft.Compute/virtualMachineScaleSets/scalingVmss"
"a2cfe0f3-1bdb-40a8-9c00-bc11e867a145","Autoscale scale down initiated","Succeeded","Autoscale","Informational","2024-03-07T20:55:47.871Z","e7dc935a-7e69-4b70-90e9-4a4eb71d7ca6","Microsoft.Insights/autoscaleSettings","MICROSOFT.COMPUTE/virtualmachinescalesets","VMSS-SCALING14","/SUBSCRIPTIONS/E7DC935A-7E69-4B70-90E9-4A4EB71D7CA6/RESOURCEGROUPS/VMSS-SCALING14/PROVIDERS/MICROSOFT.COMPUTE/VIRTUALMACHINESCALESETS/SCALINGVMSS"
"a2cfe0f3-1bdb-40a8-9c00-bc11e867a145","Autoscale scale down completed","Succeeded","Autoscale","Informational","2024-03-07T20:55:47.871Z","e7dc935a-7e69-4b70-90e9-4a4eb71d7ca6","Microsoft.Insights/autoscaleSettings","MICROSOFT.COMPUTE/virtualmachinescalesets","VMSS-SCALING14","/SUBSCRIPTIONS/E7DC935A-7E69-4B70-90E9-4A4EB71D7CA6/RESOURCEGROUPS/VMSS-SCALING14/PROVIDERS/MICROSOFT.COMPUTE/VIRTUALMACHINESCALESETS/SCALINGVMSS"
"e2995d0e-5df0-4270-b213-2936966aa133","Create or Update Virtual Machine Scale Set","Succeeded","Administrative","Informational","2024-03-07T20:50:55.884Z","e7dc935a-7e69-4b70-90e9-4a4eb71d7ca6","Windows Azure Application Insights","Microsoft.Compute/virtualMachineScaleSets","vmss-scaling14","/subscriptions/e7dc935a-7e69-4b70-90e9-4a4eb71d7ca6/resourcegroups/vmss-scaling14/providers/Microsoft.Compute/virtualMachineScaleSets/scalingVmss"
"e2995d0e-5df0-4270-b213-2936966aa133","Create or Update Virtual Machine Scale Set","Started","Administrative","Informational","2024-03-07T20:50:14.525Z","e7dc935a-7e69-4b70-90e9-4a4eb71d7ca6","Windows Azure Application Insights","Microsoft.Compute/virtualMachineScaleSets","vmss-scaling14","/subscriptions/e7dc935a-7e69-4b70-90e9-4a4eb71d7ca6/resourceGroups/vmss-scaling14/providers/Microsoft.Compute/virtualMachineScaleSets/scalingVmss"
"e2995d0e-5df0-4270-b213-2936966aa133","'audit' Policy action.","Succeeded","Policy","Warning","2024-03-07T20:50:14.838Z","e7dc935a-7e69-4b70-90e9-4a4eb71d7ca6","Windows Azure Application Insights","Microsoft.Compute/virtualMachineScaleSets","vmss-scaling14","/subscriptions/e7dc935a-7e69-4b70-90e9-4a4eb71d7ca6/resourceGroups/vmss-scaling14/providers/Microsoft.Compute/virtualMachineScaleSets/scalingVmss"
"e2995d0e-5df0-4270-b213-2936966aa133","'auditIfNotExists' Policy action.","Started","Policy","Informational","2024-03-07T20:50:19.947Z","e7dc935a-7e69-4b70-90e9-4a4eb71d7ca6","Windows Azure Application Insights","Microsoft.Compute/virtualMachineScaleSets","vmss-scaling14","/subscriptions/e7dc935a-7e69-4b70-90e9-4a4eb71d7ca6/resourceGroups/vmss-scaling14/providers/Microsoft.Compute/virtualMachineScaleSets/scalingVmss"
"e2995d0e-5df0-4270-b213-2936966aa133","Create or Update Virtual Machine Scale Set","Accepted","Administrative","Informational","2024-03-07T20:50:19.979Z","e7dc935a-7e69-4b70-90e9-4a4eb71d7ca6","Windows Azure Application Insights","Microsoft.Compute/virtualMachineScaleSets","vmss-scaling14","/subscriptions/e7dc935a-7e69-4b70-90e9-4a4eb71d7ca6/resourceGroups/vmss-scaling14/providers/Microsoft.Compute/virtualMachineScaleSets/scalingVmss"
"48681d93-d1a2-4f2d-bb1a-c9c995de8c48","Autoscale scale down completed","Succeeded","Autoscale","Informational","2024-03-07T20:50:19.939Z","e7dc935a-7e69-4b70-90e9-4a4eb71d7ca6","Microsoft.Insights/autoscaleSettings","MICROSOFT.COMPUTE/virtualmachinescalesets","VMSS-SCALING14","/SUBSCRIPTIONS/E7DC935A-7E69-4B70-90E9-4A4EB71D7CA6/RESOURCEGROUPS/VMSS-SCALING14/PROVIDERS/MICROSOFT.COMPUTE/VIRTUALMACHINESCALESETS/SCALINGVMSS"
"48681d93-d1a2-4f2d-bb1a-c9c995de8c48","Autoscale scale down initiated","Succeeded","Autoscale","Informational","2024-03-07T20:50:19.939Z","e7dc935a-7e69-4b70-90e9-4a4eb71d7ca6","Microsoft.Insights/autoscaleSettings","MICROSOFT.COMPUTE/virtualmachinescalesets","VMSS-SCALING14","/SUBSCRIPTIONS/E7DC935A-7E69-4B70-90E9-4A4EB71D7CA6/RESOURCEGROUPS/VMSS-SCALING14/PROVIDERS/MICROSOFT.COMPUTE/VIRTUALMACHINESCALESETS/SCALINGVMSS"
"39a6dd56-61e0-431e-8830-08e2f0655ab5","Health Event Updated","Updated","Resource Health","Informational","2024-03-07T20:50:17.784Z","e7dc935a-7e69-4b70-90e9-4a4eb71d7ca6","","MICROSOFT.COMPUTE/virtualmachinescalesets/virtualmachines","VMSS-SCALING14","/SUBSCRIPTIONS/E7DC935A-7E69-4B70-90E9-4A4EB71D7CA6/RESOURCEGROUPS/VMSS-SCALING14/PROVIDERS/MICROSOFT.COMPUTE/VIRTUALMACHINESCALESETS/SCALINGVMSS/VIRTUALMACHINES/0"
"39a6dd56-61e0-431e-8830-08e2f0655ab5","Health Event Updated","Updated","Resource Health","Informational","2024-03-07T20:22:21.492Z","e7dc935a-7e69-4b70-90e9-4a4eb71d7ca6","","MICROSOFT.COMPUTE/virtualmachinescalesets/virtualmachines","VMSS-SCALING14","/SUBSCRIPTIONS/E7DC935A-7E69-4B70-90E9-4A4EB71D7CA6/RESOURCEGROUPS/VMSS-SCALING14/PROVIDERS/MICROSOFT.COMPUTE/VIRTUALMACHINESCALESETS/SCALINGVMSS/VIRTUALMACHINES/0"
"39a6dd56-61e0-431e-8830-08e2f0655ab5","Health Event Resolved","Resolved","Resource Health","Informational","2024-03-07T20:22:35.821Z","e7dc935a-7e69-4b70-90e9-4a4eb71d7ca6","","MICROSOFT.COMPUTE/virtualmachinescalesets/virtualmachines","VMSS-SCALING14","/SUBSCRIPTIONS/E7DC935A-7E69-4B70-90E9-4A4EB71D7CA6/RESOURCEGROUPS/VMSS-SCALING14/PROVIDERS/MICROSOFT.COMPUTE/VIRTUALMACHINESCALESETS/SCALINGVMSS/VIRTUALMACHINES/0"
"39a6dd56-61e0-431e-8830-08e2f0655ab5","Health Event Updated","Updated","Resource Health","Informational","2024-03-07T20:22:54.555Z","e7dc935a-7e69-4b70-90e9-4a4eb71d7ca6","","MICROSOFT.COMPUTE/virtualmachinescalesets/virtualmachines","VMSS-SCALING14","/SUBSCRIPTIONS/E7DC935A-7E69-4B70-90E9-4A4EB71D7CA6/RESOURCEGROUPS/VMSS-SCALING14/PROVIDERS/MICROSOFT.COMPUTE/VIRTUALMACHINESCALESETS/SCALINGVMSS/VIRTUALMACHINES/0"
"39a6dd56-61e0-431e-8830-08e2f0655ab5","Health Event Activated","Active","Resource Health","Informational","2024-03-07T20:22:55.272Z","e7dc935a-7e69-4b70-90e9-4a4eb71d7ca6","","MICROSOFT.COMPUTE/virtualmachinescalesets/virtualmachines","VMSS-SCALING14","/SUBSCRIPTIONS/E7DC935A-7E69-4B70-90E9-4A4EB71D7CA6/RESOURCEGROUPS/VMSS-SCALING14/PROVIDERS/MICROSOFT.COMPUTE/VIRTUALMACHINESCALESETS/SCALINGVMSS/VIRTUALMACHINES/0"
"6841dfd4-15dd-478f-9da0-a52b49c57aaf","'audit' Policy action.","Succeeded","Policy","Warning","2024-03-07T20:47:50.301Z","e7dc935a-7e69-4b70-90e9-4a4eb71d7ca6","Windows Azure Application Insights","Microsoft.Compute/virtualMachineScaleSets","vmss-scaling14","/subscriptions/e7dc935a-7e69-4b70-90e9-4a4eb71d7ca6/resourceGroups/vmss-scaling14/providers/Microsoft.Compute/virtualMachineScaleSets/scalingVmss"
"6841dfd4-15dd-478f-9da0-a52b49c57aaf","Create or Update Virtual Machine Scale Set","Started","Administrative","Informational","2024-03-07T20:37:44.059Z","e7dc935a-7e69-4b70-90e9-4a4eb71d7ca6","Windows Azure Application Insights","Microsoft.Compute/virtualMachineScaleSets","vmss-scaling14","/subscriptions/e7dc935a-7e69-4b70-90e9-4a4eb71d7ca6/resourceGroups/vmss-scaling14/providers/Microsoft.Compute/virtualMachineScaleSets/scalingVmss"
"6841dfd4-15dd-478f-9da0-a52b49c57aaf","'audit' Policy action.","Succeeded","Policy","Warning","2024-03-07T20:37:44.278Z","e7dc935a-7e69-4b70-90e9-4a4eb71d7ca6","Windows Azure Application Insights","Microsoft.Compute/virtualMachineScaleSets","vmss-scaling14","/subscriptions/e7dc935a-7e69-4b70-90e9-4a4eb71d7ca6/resourceGroups/vmss-scaling14/providers/Microsoft.Compute/virtualMachineScaleSets/scalingVmss"
"6841dfd4-15dd-478f-9da0-a52b49c57aaf","'auditIfNotExists' Policy action.","Started","Policy","Informational","2024-03-07T20:37:49.169Z","e7dc935a-7e69-4b70-90e9-4a4eb71d7ca6","Windows Azure Application Insights","Microsoft.Compute/virtualMachineScaleSets","vmss-scaling14","/subscriptions/e7dc935a-7e69-4b70-90e9-4a4eb71d7ca6/resourceGroups/vmss-scaling14/providers/Microsoft.Compute/virtualMachineScaleSets/scalingVmss"
"6841dfd4-15dd-478f-9da0-a52b49c57aaf","Create or Update Virtual Machine Scale Set","Accepted","Administrative","Informational","2024-03-07T20:37:49.184Z","e7dc935a-7e69-4b70-90e9-4a4eb71d7ca6","Windows Azure Application Insights","Microsoft.Compute/virtualMachineScaleSets","vmss-scaling14","/subscriptions/e7dc935a-7e69-4b70-90e9-4a4eb71d7ca6/resourceGroups/vmss-scaling14/providers/Microsoft.Compute/virtualMachineScaleSets/scalingVmss"
"6841dfd4-15dd-478f-9da0-a52b49c57aaf","Create or Update Virtual Machine Scale Set","Succeeded","Administrative","Informational","2024-03-07T20:38:30.977Z","e7dc935a-7e69-4b70-90e9-4a4eb71d7ca6","Windows Azure Application Insights","Microsoft.Compute/virtualMachineScaleSets","vmss-scaling14","/subscriptions/e7dc935a-7e69-4b70-90e9-4a4eb71d7ca6/resourcegroups/vmss-scaling14/providers/Microsoft.Compute/virtualMachineScaleSets/scalingVmss"
"6841dfd4-15dd-478f-9da0-a52b49c57aaf","'audit' Policy action.","Succeeded","Policy","Warning","2024-03-07T20:47:50.301Z","e7dc935a-7e69-4b70-90e9-4a4eb71d7ca6","Windows Azure Application Insights","Microsoft.Compute/virtualMachineScaleSets","vmss-scaling14","/subscriptions/e7dc935a-7e69-4b70-90e9-4a4eb71d7ca6/resourceGroups/vmss-scaling14/providers/Microsoft.Compute/virtualMachineScaleSets/scalingVmss"
"6841dfd4-15dd-478f-9da0-a52b49c57aaf","'auditIfNotExists' Policy action.","Succeeded","Policy","Informational","2024-03-07T20:47:50.301Z","e7dc935a-7e69-4b70-90e9-4a4eb71d7ca6","Windows Azure Application Insights","Microsoft.Compute/virtualMachineScaleSets","vmss-scaling14","/subscriptions/e7dc935a-7e69-4b70-90e9-4a4eb71d7ca6/resourceGroups/vmss-scaling14/providers/Microsoft.Compute/virtualMachineScaleSets/scalingVmss"
"6841dfd4-15dd-478f-9da0-a52b49c57aaf","'auditIfNotExists' Policy action.","Succeeded","Policy","Informational","2024-03-07T20:47:50.301Z","e7dc935a-7e69-4b70-90e9-4a4eb71d7ca6","Windows Azure Application Insights","Microsoft.Compute/virtualMachineScaleSets","vmss-scaling14","/subscriptions/e7dc935a-7e69-4b70-90e9-4a4eb71d7ca6/resourceGroups/vmss-scaling14/providers/Microsoft.Compute/virtualMachineScaleSets/scalingVmss"
"6841dfd4-15dd-478f-9da0-a52b49c57aaf","'auditIfNotExists' Policy action.","Succeeded","Policy","Informational","2024-03-07T20:47:50.301Z","e7dc935a-7e69-4b70-90e9-4a4eb71d7ca6","Windows Azure Application Insights","Microsoft.Compute/virtualMachineScaleSets","vmss-scaling14","/subscriptions/e7dc935a-7e69-4b70-90e9-4a4eb71d7ca6/resourceGroups/vmss-scaling14/providers/Microsoft.Compute/virtualMachineScaleSets/scalingVmss"
"6841dfd4-15dd-478f-9da0-a52b49c57aaf","'audit' Policy action.","Succeeded","Policy","Warning","2024-03-07T20:47:50.301Z","e7dc935a-7e69-4b70-90e9-4a4eb71d7ca6","Windows Azure Application Insights","Microsoft.Compute/virtualMachineScaleSets","vmss-scaling14","/subscriptions/e7dc935a-7e69-4b70-90e9-4a4eb71d7ca6/resourceGroups/vmss-scaling14/providers/Microsoft.Compute/virtualMachineScaleSets/scalingVmss"
"6841dfd4-15dd-478f-9da0-a52b49c57aaf","'audit' Policy action.","Succeeded","Policy","Warning","2024-03-07T20:47:50.301Z","e7dc935a-7e69-4b70-90e9-4a4eb71d7ca6","Windows Azure Application Insights","Microsoft.Compute/virtualMachineScaleSets","vmss-scaling14","/subscriptions/e7dc935a-7e69-4b70-90e9-4a4eb71d7ca6/resourceGroups/vmss-scaling14/providers/Microsoft.Compute/virtualMachineScaleSets/scalingVmss"
"6841dfd4-15dd-478f-9da0-a52b49c57aaf","'auditIfNotExists' Policy action.","Succeeded","Policy","Informational","2024-03-07T20:47:50.301Z","e7dc935a-7e69-4b70-90e9-4a4eb71d7ca6","Windows Azure Application Insights","Microsoft.Compute/virtualMachineScaleSets","vmss-scaling14","/subscriptions/e7dc935a-7e69-4b70-90e9-4a4eb71d7ca6/resourceGroups/vmss-scaling14/providers/Microsoft.Compute/virtualMachineScaleSets/scalingVmss"
"6841dfd4-15dd-478f-9da0-a52b49c57aaf","'audit' Policy action.","Succeeded","Policy","Warning","2024-03-07T20:47:50.301Z","e7dc935a-7e69-4b70-90e9-4a4eb71d7ca6","Windows Azure Application Insights","Microsoft.Compute/virtualMachineScaleSets","vmss-scaling14","/subscriptions/e7dc935a-7e69-4b70-90e9-4a4eb71d7ca6/resourceGroups/vmss-scaling14/providers/Microsoft.Compute/virtualMachineScaleSets/scalingVmss"
"6841dfd4-15dd-478f-9da0-a52b49c57aaf","'auditIfNotExists' Policy action.","Succeeded","Policy","Informational","2024-03-07T20:47:50.301Z","e7dc935a-7e69-4b70-90e9-4a4eb71d7ca6","Windows Azure Application Insights","Microsoft.Compute/virtualMachineScaleSets","vmss-scaling14","/subscriptions/e7dc935a-7e69-4b70-90e9-4a4eb71d7ca6/resourceGroups/vmss-scaling14/providers/Microsoft.Compute/virtualMachineScaleSets/scalingVmss"
"bb8c2752-4b89-4373-97fc-9b56707a4c2b","'audit' Policy action.","Succeeded","Policy","Warning","2024-03-07T20:42:20.538Z","e7dc935a-7e69-4b70-90e9-4a4eb71d7ca6","Windows Azure Application Insights","Microsoft.Compute/virtualMachineScaleSets","vmss-scaling14","/subscriptions/e7dc935a-7e69-4b70-90e9-4a4eb71d7ca6/resourceGroups/vmss-scaling14/providers/Microsoft.Compute/virtualMachineScaleSets/scalingVmss"
"bb8c2752-4b89-4373-97fc-9b56707a4c2b","Create or Update Virtual Machine Scale Set","Started","Administrative","Informational","2024-03-07T20:32:14.051Z","e7dc935a-7e69-4b70-90e9-4a4eb71d7ca6","Windows Azure Application Insights","Microsoft.Compute/virtualMachineScaleSets","vmss-scaling14","/subscriptions/e7dc935a-7e69-4b70-90e9-4a4eb71d7ca6/resourceGroups/vmss-scaling14/providers/Microsoft.Compute/virtualMachineScaleSets/scalingVmss"
"bb8c2752-4b89-4373-97fc-9b56707a4c2b","'audit' Policy action.","Succeeded","Policy","Warning","2024-03-07T20:32:14.176Z","e7dc935a-7e69-4b70-90e9-4a4eb71d7ca6","Windows Azure Application Insights","Microsoft.Compute/virtualMachineScaleSets","vmss-scaling14","/subscriptions/e7dc935a-7e69-4b70-90e9-4a4eb71d7ca6/resourceGroups/vmss-scaling14/providers/Microsoft.Compute/virtualMachineScaleSets/scalingVmss"
"bb8c2752-4b89-4373-97fc-9b56707a4c2b","'auditIfNotExists' Policy action.","Started","Policy","Informational","2024-03-07T20:32:20.223Z","e7dc935a-7e69-4b70-90e9-4a4eb71d7ca6","Windows Azure Application Insights","Microsoft.Compute/virtualMachineScaleSets","vmss-scaling14","/subscriptions/e7dc935a-7e69-4b70-90e9-4a4eb71d7ca6/resourceGroups/vmss-scaling14/providers/Microsoft.Compute/virtualMachineScaleSets/scalingVmss"
"bb8c2752-4b89-4373-97fc-9b56707a4c2b","Create or Update Virtual Machine Scale Set","Accepted","Administrative","Informational","2024-03-07T20:32:20.270Z","e7dc935a-7e69-4b70-90e9-4a4eb71d7ca6","Windows Azure Application Insights","Microsoft.Compute/virtualMachineScaleSets","vmss-scaling14","/subscriptions/e7dc935a-7e69-4b70-90e9-4a4eb71d7ca6/resourceGroups/vmss-scaling14/providers/Microsoft.Compute/virtualMachineScaleSets/scalingVmss"
"bb8c2752-4b89-4373-97fc-9b56707a4c2b","Create or Update Virtual Machine Scale Set","Succeeded","Administrative","Informational","2024-03-07T20:33:10.995Z","e7dc935a-7e69-4b70-90e9-4a4eb71d7ca6","Windows Azure Application Insights","Microsoft.Compute/virtualMachineScaleSets","vmss-scaling14","/subscriptions/e7dc935a-7e69-4b70-90e9-4a4eb71d7ca6/resourcegroups/vmss-scaling14/providers/Microsoft.Compute/virtualMachineScaleSets/scalingVmss"
"bb8c2752-4b89-4373-97fc-9b56707a4c2b","'audit' Policy action.","Succeeded","Policy","Warning","2024-03-07T20:42:20.538Z","e7dc935a-7e69-4b70-90e9-4a4eb71d7ca6","Windows Azure Application Insights","Microsoft.Compute/virtualMachineScaleSets","vmss-scaling14","/subscriptions/e7dc935a-7e69-4b70-90e9-4a4eb71d7ca6/resourceGroups/vmss-scaling14/providers/Microsoft.Compute/virtualMachineScaleSets/scalingVmss"
"bb8c2752-4b89-4373-97fc-9b56707a4c2b","'auditIfNotExists' Policy action.","Succeeded","Policy","Informational","2024-03-07T20:42:20.538Z","e7dc935a-7e69-4b70-90e9-4a4eb71d7ca6","Windows Azure Application Insights","Microsoft.Compute/virtualMachineScaleSets","vmss-scaling14","/subscriptions/e7dc935a-7e69-4b70-90e9-4a4eb71d7ca6/resourceGroups/vmss-scaling14/providers/Microsoft.Compute/virtualMachineScaleSets/scalingVmss"
"bb8c2752-4b89-4373-97fc-9b56707a4c2b","'audit' Policy action.","Succeeded","Policy","Warning","2024-03-07T20:42:20.538Z","e7dc935a-7e69-4b70-90e9-4a4eb71d7ca6","Windows Azure Application Insights","Microsoft.Compute/virtualMachineScaleSets","vmss-scaling14","/subscriptions/e7dc935a-7e69-4b70-90e9-4a4eb71d7ca6/resourceGroups/vmss-scaling14/providers/Microsoft.Compute/virtualMachineScaleSets/scalingVmss"
"bb8c2752-4b89-4373-97fc-9b56707a4c2b","'auditIfNotExists' Policy action.","Succeeded","Policy","Informational","2024-03-07T20:42:20.538Z","e7dc935a-7e69-4b70-90e9-4a4eb71d7ca6","Windows Azure Application Insights","Microsoft.Compute/virtualMachineScaleSets","vmss-scaling14","/subscriptions/e7dc935a-7e69-4b70-90e9-4a4eb71d7ca6/resourceGroups/vmss-scaling14/providers/Microsoft.Compute/virtualMachineScaleSets/scalingVmss"
"bb8c2752-4b89-4373-97fc-9b56707a4c2b","'auditIfNotExists' Policy action.","Succeeded","Policy","Informational","2024-03-07T20:42:20.538Z","e7dc935a-7e69-4b70-90e9-4a4eb71d7ca6","Windows Azure Application Insights","Microsoft.Compute/virtualMachineScaleSets","vmss-scaling14","/subscriptions/e7dc935a-7e69-4b70-90e9-4a4eb71d7ca6/resourceGroups/vmss-scaling14/providers/Microsoft.Compute/virtualMachineScaleSets/scalingVmss"
"bb8c2752-4b89-4373-97fc-9b56707a4c2b","'auditIfNotExists' Policy action.","Succeeded","Policy","Informational","2024-03-07T20:42:20.538Z","e7dc935a-7e69-4b70-90e9-4a4eb71d7ca6","Windows Azure Application Insights","Microsoft.Compute/virtualMachineScaleSets","vmss-scaling14","/subscriptions/e7dc935a-7e69-4b70-90e9-4a4eb71d7ca6/resourceGroups/vmss-scaling14/providers/Microsoft.Compute/virtualMachineScaleSets/scalingVmss"
"bb8c2752-4b89-4373-97fc-9b56707a4c2b","'audit' Policy action.","Succeeded","Policy","Warning","2024-03-07T20:42:20.538Z","e7dc935a-7e69-4b70-90e9-4a4eb71d7ca6","Windows Azure Application Insights","Microsoft.Compute/virtualMachineScaleSets","vmss-scaling14","/subscriptions/e7dc935a-7e69-4b70-90e9-4a4eb71d7ca6/resourceGroups/vmss-scaling14/providers/Microsoft.Compute/virtualMachineScaleSets/scalingVmss"
"bb8c2752-4b89-4373-97fc-9b56707a4c2b","'audit' Policy action.","Succeeded","Policy","Warning","2024-03-07T20:42:20.538Z","e7dc935a-7e69-4b70-90e9-4a4eb71d7ca6","Windows Azure Application Insights","Microsoft.Compute/virtualMachineScaleSets","vmss-scaling14","/subscriptions/e7dc935a-7e69-4b70-90e9-4a4eb71d7ca6/resourceGroups/vmss-scaling14/providers/Microsoft.Compute/virtualMachineScaleSets/scalingVmss"
"bb8c2752-4b89-4373-97fc-9b56707a4c2b","'auditIfNotExists' Policy action.","Succeeded","Policy","Informational","2024-03-07T20:42:20.538Z","e7dc935a-7e69-4b70-90e9-4a4eb71d7ca6","Windows Azure Application Insights","Microsoft.Compute/virtualMachineScaleSets","vmss-scaling14","/subscriptions/e7dc935a-7e69-4b70-90e9-4a4eb71d7ca6/resourceGroups/vmss-scaling14/providers/Microsoft.Compute/virtualMachineScaleSets/scalingVmss"
"827b107e-c000-4ac1-80f0-be18de5f8591","Health Event Resolved","Resolved","Resource Health","Informational","2024-03-07T20:38:10.878Z","e7dc935a-7e69-4b70-90e9-4a4eb71d7ca6","","MICROSOFT.COMPUTE/virtualmachinescalesets/virtualmachines","VMSS-SCALING14","/SUBSCRIPTIONS/E7DC935A-7E69-4B70-90E9-4A4EB71D7CA6/RESOURCEGROUPS/VMSS-SCALING14/PROVIDERS/MICROSOFT.COMPUTE/VIRTUALMACHINESCALESETS/SCALINGVMSS/VIRTUALMACHINES/6"
"827b107e-c000-4ac1-80f0-be18de5f8591","Health Event Updated","Updated","Resource Health","Informational","2024-03-07T20:38:03.876Z","e7dc935a-7e69-4b70-90e9-4a4eb71d7ca6","","MICROSOFT.COMPUTE/virtualmachinescalesets/virtualmachines","VMSS-SCALING14","/SUBSCRIPTIONS/E7DC935A-7E69-4B70-90E9-4A4EB71D7CA6/RESOURCEGROUPS/VMSS-SCALING14/PROVIDERS/MICROSOFT.COMPUTE/VIRTUALMACHINESCALESETS/SCALINGVMSS/VIRTUALMACHINES/6"
"824a5d51-3ad7-4814-ac65-c6187b4e92bf","Health Event Updated","Updated","Resource Health","Informational","2024-03-07T20:37:55.673Z","e7dc935a-7e69-4b70-90e9-4a4eb71d7ca6","","MICROSOFT.COMPUTE/virtualmachinescalesets/virtualmachines","VMSS-SCALING14","/SUBSCRIPTIONS/E7DC935A-7E69-4B70-90E9-4A4EB71D7CA6/RESOURCEGROUPS/VMSS-SCALING14/PROVIDERS/MICROSOFT.COMPUTE/VIRTUALMACHINESCALESETS/SCALINGVMSS/VIRTUALMACHINES/6"
"4edb1f08-6da8-4d28-a34f-999f5c9f6c1f","Autoscale scale up initiated","Succeeded","Autoscale","Informational","2024-03-07T20:37:49.184Z","e7dc935a-7e69-4b70-90e9-4a4eb71d7ca6","Microsoft.Insights/autoscaleSettings","MICROSOFT.COMPUTE/virtualmachinescalesets","VMSS-SCALING14","/SUBSCRIPTIONS/E7DC935A-7E69-4B70-90E9-4A4EB71D7CA6/RESOURCEGROUPS/VMSS-SCALING14/PROVIDERS/MICROSOFT.COMPUTE/VIRTUALMACHINESCALESETS/SCALINGVMSS"
"4edb1f08-6da8-4d28-a34f-999f5c9f6c1f","Autoscale scale up completed","Succeeded","Autoscale","Informational","2024-03-07T20:37:49.184Z","e7dc935a-7e69-4b70-90e9-4a4eb71d7ca6","Microsoft.Insights/autoscaleSettings","MICROSOFT.COMPUTE/virtualmachinescalesets","VMSS-SCALING14","/SUBSCRIPTIONS/E7DC935A-7E69-4B70-90E9-4A4EB71D7CA6/RESOURCEGROUPS/VMSS-SCALING14/PROVIDERS/MICROSOFT.COMPUTE/VIRTUALMACHINESCALESETS/SCALINGVMSS"
"af6b1187-38e1-44e7-b744-20c5133593e9","'audit' Policy action.","Succeeded","Policy","Warning","2024-03-07T20:36:49.630Z","e7dc935a-7e69-4b70-90e9-4a4eb71d7ca6","Windows Azure Application Insights","Microsoft.Compute/virtualMachineScaleSets","vmss-scaling14","/subscriptions/e7dc935a-7e69-4b70-90e9-4a4eb71d7ca6/resourceGroups/vmss-scaling14/providers/Microsoft.Compute/virtualMachineScaleSets/scalingVmss"
"af6b1187-38e1-44e7-b744-20c5133593e9","Create or Update Virtual Machine Scale Set","Started","Administrative","Informational","2024-03-07T20:26:44.753Z","e7dc935a-7e69-4b70-90e9-4a4eb71d7ca6","Windows Azure Application Insights","Microsoft.Compute/virtualMachineScaleSets","vmss-scaling14","/subscriptions/e7dc935a-7e69-4b70-90e9-4a4eb71d7ca6/resourceGroups/vmss-scaling14/providers/Microsoft.Compute/virtualMachineScaleSets/scalingVmss"
"af6b1187-38e1-44e7-b744-20c5133593e9","'audit' Policy action.","Succeeded","Policy","Warning","2024-03-07T20:26:44.972Z","e7dc935a-7e69-4b70-90e9-4a4eb71d7ca6","Windows Azure Application Insights","Microsoft.Compute/virtualMachineScaleSets","vmss-scaling14","/subscriptions/e7dc935a-7e69-4b70-90e9-4a4eb71d7ca6/resourceGroups/vmss-scaling14/providers/Microsoft.Compute/virtualMachineScaleSets/scalingVmss"
"af6b1187-38e1-44e7-b744-20c5133593e9","'auditIfNotExists' Policy action.","Started","Policy","Informational","2024-03-07T20:26:48.534Z","e7dc935a-7e69-4b70-90e9-4a4eb71d7ca6","Windows Azure Application Insights","Microsoft.Compute/virtualMachineScaleSets","vmss-scaling14","/subscriptions/e7dc935a-7e69-4b70-90e9-4a4eb71d7ca6/resourceGroups/vmss-scaling14/providers/Microsoft.Compute/virtualMachineScaleSets/scalingVmss"
"af6b1187-38e1-44e7-b744-20c5133593e9","Create or Update Virtual Machine Scale Set","Accepted","Administrative","Informational","2024-03-07T20:26:48.565Z","e7dc935a-7e69-4b70-90e9-4a4eb71d7ca6","Windows Azure Application Insights","Microsoft.Compute/virtualMachineScaleSets","vmss-scaling14","/subscriptions/e7dc935a-7e69-4b70-90e9-4a4eb71d7ca6/resourceGroups/vmss-scaling14/providers/Microsoft.Compute/virtualMachineScaleSets/scalingVmss"
"af6b1187-38e1-44e7-b744-20c5133593e9","Create or Update Virtual Machine Scale Set","Succeeded","Administrative","Informational","2024-03-07T20:27:24.532Z","e7dc935a-7e69-4b70-90e9-4a4eb71d7ca6","Windows Azure Application Insights","Microsoft.Compute/virtualMachineScaleSets","vmss-scaling14","/subscriptions/e7dc935a-7e69-4b70-90e9-4a4eb71d7ca6/resourcegroups/vmss-scaling14/providers/Microsoft.Compute/virtualMachineScaleSets/scalingVmss"
"af6b1187-38e1-44e7-b744-20c5133593e9","'audit' Policy action.","Succeeded","Policy","Warning","2024-03-07T20:36:49.614Z","e7dc935a-7e69-4b70-90e9-4a4eb71d7ca6","Windows Azure Application Insights","Microsoft.Compute/virtualMachineScaleSets","vmss-scaling14","/subscriptions/e7dc935a-7e69-4b70-90e9-4a4eb71d7ca6/resourceGroups/vmss-scaling14/providers/Microsoft.Compute/virtualMachineScaleSets/scalingVmss"
"af6b1187-38e1-44e7-b744-20c5133593e9","'auditIfNotExists' Policy action.","Succeeded","Policy","Informational","2024-03-07T20:36:49.614Z","e7dc935a-7e69-4b70-90e9-4a4eb71d7ca6","Windows Azure Application Insights","Microsoft.Compute/virtualMachineScaleSets","vmss-scaling14","/subscriptions/e7dc935a-7e69-4b70-90e9-4a4eb71d7ca6/resourceGroups/vmss-scaling14/providers/Microsoft.Compute/virtualMachineScaleSets/scalingVmss"
"af6b1187-38e1-44e7-b744-20c5133593e9","'auditIfNotExists' Policy action.","Succeeded","Policy","Informational","2024-03-07T20:36:49.614Z","e7dc935a-7e69-4b70-90e9-4a4eb71d7ca6","Windows Azure Application Insights","Microsoft.Compute/virtualMachineScaleSets","vmss-scaling14","/subscriptions/e7dc935a-7e69-4b70-90e9-4a4eb71d7ca6/resourceGroups/vmss-scaling14/providers/Microsoft.Compute/virtualMachineScaleSets/scalingVmss"
"af6b1187-38e1-44e7-b744-20c5133593e9","'audit' Policy action.","Succeeded","Policy","Warning","2024-03-07T20:36:49.614Z","e7dc935a-7e69-4b70-90e9-4a4eb71d7ca6","Windows Azure Application Insights","Microsoft.Compute/virtualMachineScaleSets","vmss-scaling14","/subscriptions/e7dc935a-7e69-4b70-90e9-4a4eb71d7ca6/resourceGroups/vmss-scaling14/providers/Microsoft.Compute/virtualMachineScaleSets/scalingVmss"
"af6b1187-38e1-44e7-b744-20c5133593e9","'audit' Policy action.","Succeeded","Policy","Warning","2024-03-07T20:36:49.614Z","e7dc935a-7e69-4b70-90e9-4a4eb71d7ca6","Windows Azure Application Insights","Microsoft.Compute/virtualMachineScaleSets","vmss-scaling14","/subscriptions/e7dc935a-7e69-4b70-90e9-4a4eb71d7ca6/resourceGroups/vmss-scaling14/providers/Microsoft.Compute/virtualMachineScaleSets/scalingVmss"
"af6b1187-38e1-44e7-b744-20c5133593e9","'auditIfNotExists' Policy action.","Succeeded","Policy","Informational","2024-03-07T20:36:49.614Z","e7dc935a-7e69-4b70-90e9-4a4eb71d7ca6","Windows Azure Application Insights","Microsoft.Compute/virtualMachineScaleSets","vmss-scaling14","/subscriptions/e7dc935a-7e69-4b70-90e9-4a4eb71d7ca6/resourceGroups/vmss-scaling14/providers/Microsoft.Compute/virtualMachineScaleSets/scalingVmss"
"af6b1187-38e1-44e7-b744-20c5133593e9","'auditIfNotExists' Policy action.","Succeeded","Policy","Informational","2024-03-07T20:36:49.614Z","e7dc935a-7e69-4b70-90e9-4a4eb71d7ca6","Windows Azure Application Insights","Microsoft.Compute/virtualMachineScaleSets","vmss-scaling14","/subscriptions/e7dc935a-7e69-4b70-90e9-4a4eb71d7ca6/resourceGroups/vmss-scaling14/providers/Microsoft.Compute/virtualMachineScaleSets/scalingVmss"
"af6b1187-38e1-44e7-b744-20c5133593e9","'audit' Policy action.","Succeeded","Policy","Warning","2024-03-07T20:36:49.614Z","e7dc935a-7e69-4b70-90e9-4a4eb71d7ca6","Windows Azure Application Insights","Microsoft.Compute/virtualMachineScaleSets","vmss-scaling14","/subscriptions/e7dc935a-7e69-4b70-90e9-4a4eb71d7ca6/resourceGroups/vmss-scaling14/providers/Microsoft.Compute/virtualMachineScaleSets/scalingVmss"
"af6b1187-38e1-44e7-b744-20c5133593e9","'auditIfNotExists' Policy action.","Succeeded","Policy","Informational","2024-03-07T20:36:49.630Z","e7dc935a-7e69-4b70-90e9-4a4eb71d7ca6","Windows Azure Application Insights","Microsoft.Compute/virtualMachineScaleSets","vmss-scaling14","/subscriptions/e7dc935a-7e69-4b70-90e9-4a4eb71d7ca6/resourceGroups/vmss-scaling14/providers/Microsoft.Compute/virtualMachineScaleSets/scalingVmss"
"dbcaf878-001f-497c-a108-7dce5a80774a","'audit' Policy action.","Succeeded","Policy","Warning","2024-03-07T20:35:42.082Z","e7dc935a-7e69-4b70-90e9-4a4eb71d7ca6","zatovw@gmail.com","Microsoft.Compute/virtualMachineScaleSets","vmss-scaling14","/subscriptions/e7dc935a-7e69-4b70-90e9-4a4eb71d7ca6/resourcegroups/vmss-scaling14/providers/Microsoft.Compute/virtualMachineScaleSets/scalingVmss"
"dbcaf878-001f-497c-a108-7dce5a80774a","Create or Update Virtual Machine Scale Set","Started","Administrative","Informational","2024-03-07T20:25:31.863Z","e7dc935a-7e69-4b70-90e9-4a4eb71d7ca6","zatovw@gmail.com","Microsoft.Compute/virtualMachineScaleSets","vmss-scaling14","/subscriptions/e7dc935a-7e69-4b70-90e9-4a4eb71d7ca6/resourcegroups/vmss-scaling14/providers/Microsoft.Compute/virtualMachineScaleSets/scalingVmss"
"dbcaf878-001f-497c-a108-7dce5a80774a","'audit' Policy action.","Succeeded","Policy","Warning","2024-03-07T20:25:32.066Z","e7dc935a-7e69-4b70-90e9-4a4eb71d7ca6","zatovw@gmail.com","Microsoft.Compute/virtualMachineScaleSets","vmss-scaling14","/subscriptions/e7dc935a-7e69-4b70-90e9-4a4eb71d7ca6/resourcegroups/vmss-scaling14/providers/Microsoft.Compute/virtualMachineScaleSets/scalingVmss"
"dbcaf878-001f-497c-a108-7dce5a80774a","'auditIfNotExists' Policy action.","Started","Policy","Informational","2024-03-07T20:25:37.410Z","e7dc935a-7e69-4b70-90e9-4a4eb71d7ca6","zatovw@gmail.com","Microsoft.Compute/virtualMachineScaleSets","vmss-scaling14","/subscriptions/e7dc935a-7e69-4b70-90e9-4a4eb71d7ca6/resourcegroups/vmss-scaling14/providers/Microsoft.Compute/virtualMachineScaleSets/scalingVmss"
"dbcaf878-001f-497c-a108-7dce5a80774a","Create or Update Virtual Machine Scale Set","Accepted","Administrative","Informational","2024-03-07T20:25:37.895Z","e7dc935a-7e69-4b70-90e9-4a4eb71d7ca6","zatovw@gmail.com","Microsoft.Compute/virtualMachineScaleSets","vmss-scaling14","/subscriptions/e7dc935a-7e69-4b70-90e9-4a4eb71d7ca6/resourcegroups/vmss-scaling14/providers/Microsoft.Compute/virtualMachineScaleSets/scalingVmss"
"dbcaf878-001f-497c-a108-7dce5a80774a","Create or Update Virtual Machine Scale Set","Succeeded","Administrative","Informational","2024-03-07T20:25:42.490Z","e7dc935a-7e69-4b70-90e9-4a4eb71d7ca6","zatovw@gmail.com","Microsoft.Compute/virtualMachineScaleSets","vmss-scaling14","/subscriptions/e7dc935a-7e69-4b70-90e9-4a4eb71d7ca6/resourcegroups/vmss-scaling14/providers/Microsoft.Compute/virtualMachineScaleSets/scalingVmss"
"dbcaf878-001f-497c-a108-7dce5a80774a","'audit' Policy action.","Succeeded","Policy","Warning","2024-03-07T20:35:41.832Z","e7dc935a-7e69-4b70-90e9-4a4eb71d7ca6","zatovw@gmail.com","Microsoft.Compute/virtualMachineScaleSets","vmss-scaling14","/subscriptions/e7dc935a-7e69-4b70-90e9-4a4eb71d7ca6/resourcegroups/vmss-scaling14/providers/Microsoft.Compute/virtualMachineScaleSets/scalingVmss"
"dbcaf878-001f-497c-a108-7dce5a80774a","'auditIfNotExists' Policy action.","Succeeded","Policy","Informational","2024-03-07T20:35:41.832Z","e7dc935a-7e69-4b70-90e9-4a4eb71d7ca6","zatovw@gmail.com","Microsoft.Compute/virtualMachineScaleSets","vmss-scaling14","/subscriptions/e7dc935a-7e69-4b70-90e9-4a4eb71d7ca6/resourcegroups/vmss-scaling14/providers/Microsoft.Compute/virtualMachineScaleSets/scalingVmss"
"dbcaf878-001f-497c-a108-7dce5a80774a","'audit' Policy action.","Succeeded","Policy","Warning","2024-03-07T20:35:41.957Z","e7dc935a-7e69-4b70-90e9-4a4eb71d7ca6","zatovw@gmail.com","Microsoft.Compute/virtualMachineScaleSets","vmss-scaling14","/subscriptions/e7dc935a-7e69-4b70-90e9-4a4eb71d7ca6/resourcegroups/vmss-scaling14/providers/Microsoft.Compute/virtualMachineScaleSets/scalingVmss"
"dbcaf878-001f-497c-a108-7dce5a80774a","'auditIfNotExists' Policy action.","Succeeded","Policy","Informational","2024-03-07T20:35:41.957Z","e7dc935a-7e69-4b70-90e9-4a4eb71d7ca6","zatovw@gmail.com","Microsoft.Compute/virtualMachineScaleSets","vmss-scaling14","/subscriptions/e7dc935a-7e69-4b70-90e9-4a4eb71d7ca6/resourcegroups/vmss-scaling14/providers/Microsoft.Compute/virtualMachineScaleSets/scalingVmss"
"dbcaf878-001f-497c-a108-7dce5a80774a","'auditIfNotExists' Policy action.","Succeeded","Policy","Informational","2024-03-07T20:35:42.051Z","e7dc935a-7e69-4b70-90e9-4a4eb71d7ca6","zatovw@gmail.com","Microsoft.Compute/virtualMachineScaleSets","vmss-scaling14","/subscriptions/e7dc935a-7e69-4b70-90e9-4a4eb71d7ca6/resourcegroups/vmss-scaling14/providers/Microsoft.Compute/virtualMachineScaleSets/scalingVmss"
"dbcaf878-001f-497c-a108-7dce5a80774a","'audit' Policy action.","Succeeded","Policy","Warning","2024-03-07T20:35:42.051Z","e7dc935a-7e69-4b70-90e9-4a4eb71d7ca6","zatovw@gmail.com","Microsoft.Compute/virtualMachineScaleSets","vmss-scaling14","/subscriptions/e7dc935a-7e69-4b70-90e9-4a4eb71d7ca6/resourcegroups/vmss-scaling14/providers/Microsoft.Compute/virtualMachineScaleSets/scalingVmss"
"dbcaf878-001f-497c-a108-7dce5a80774a","'auditIfNotExists' Policy action.","Succeeded","Policy","Informational","2024-03-07T20:35:42.066Z","e7dc935a-7e69-4b70-90e9-4a4eb71d7ca6","zatovw@gmail.com","Microsoft.Compute/virtualMachineScaleSets","vmss-scaling14","/subscriptions/e7dc935a-7e69-4b70-90e9-4a4eb71d7ca6/resourcegroups/vmss-scaling14/providers/Microsoft.Compute/virtualMachineScaleSets/scalingVmss"
"dbcaf878-001f-497c-a108-7dce5a80774a","'audit' Policy action.","Succeeded","Policy","Warning","2024-03-07T20:35:42.066Z","e7dc935a-7e69-4b70-90e9-4a4eb71d7ca6","zatovw@gmail.com","Microsoft.Compute/virtualMachineScaleSets","vmss-scaling14","/subscriptions/e7dc935a-7e69-4b70-90e9-4a4eb71d7ca6/resourcegroups/vmss-scaling14/providers/Microsoft.Compute/virtualMachineScaleSets/scalingVmss"
"dbcaf878-001f-497c-a108-7dce5a80774a","'auditIfNotExists' Policy action.","Succeeded","Policy","Informational","2024-03-07T20:35:42.082Z","e7dc935a-7e69-4b70-90e9-4a4eb71d7ca6","zatovw@gmail.com","Microsoft.Compute/virtualMachineScaleSets","vmss-scaling14","/subscriptions/e7dc935a-7e69-4b70-90e9-4a4eb71d7ca6/resourcegroups/vmss-scaling14/providers/Microsoft.Compute/virtualMachineScaleSets/scalingVmss"
"5d47b62f-2c89-49c6-b503-2e33fbbb602a","Health Event Activated","Active","Resource Health","Informational","2024-03-07T20:33:00.959Z","e7dc935a-7e69-4b70-90e9-4a4eb71d7ca6","","MICROSOFT.COMPUTE/virtualmachinescalesets/virtualmachines","VMSS-SCALING14","/SUBSCRIPTIONS/E7DC935A-7E69-4B70-90E9-4A4EB71D7CA6/RESOURCEGROUPS/VMSS-SCALING14/PROVIDERS/MICROSOFT.COMPUTE/VIRTUALMACHINESCALESETS/SCALINGVMSS/VIRTUALMACHINES/4"
"5d47b62f-2c89-49c6-b503-2e33fbbb602a","Health Event Updated","Updated","Resource Health","Informational","2024-03-07T20:32:28.239Z","e7dc935a-7e69-4b70-90e9-4a4eb71d7ca6","","MICROSOFT.COMPUTE/virtualmachinescalesets/virtualmachines","VMSS-SCALING14","/SUBSCRIPTIONS/E7DC935A-7E69-4B70-90E9-4A4EB71D7CA6/RESOURCEGROUPS/VMSS-SCALING14/PROVIDERS/MICROSOFT.COMPUTE/VIRTUALMACHINESCALESETS/SCALINGVMSS/VIRTUALMACHINES/4"
"5d47b62f-2c89-49c6-b503-2e33fbbb602a","Health Event Resolved","Resolved","Resource Health","Informational","2024-03-07T20:32:42.205Z","e7dc935a-7e69-4b70-90e9-4a4eb71d7ca6","","MICROSOFT.COMPUTE/virtualmachinescalesets/virtualmachines","VMSS-SCALING14","/SUBSCRIPTIONS/E7DC935A-7E69-4B70-90E9-4A4EB71D7CA6/RESOURCEGROUPS/VMSS-SCALING14/PROVIDERS/MICROSOFT.COMPUTE/VIRTUALMACHINESCALESETS/SCALINGVMSS/VIRTUALMACHINES/4"
"5d47b62f-2c89-49c6-b503-2e33fbbb602a","Health Event Updated","Updated","Resource Health","Informational","2024-03-07T20:33:00.364Z","e7dc935a-7e69-4b70-90e9-4a4eb71d7ca6","","MICROSOFT.COMPUTE/virtualmachinescalesets/virtualmachines","VMSS-SCALING14","/SUBSCRIPTIONS/E7DC935A-7E69-4B70-90E9-4A4EB71D7CA6/RESOURCEGROUPS/VMSS-SCALING14/PROVIDERS/MICROSOFT.COMPUTE/VIRTUALMACHINESCALESETS/SCALINGVMSS/VIRTUALMACHINES/4"
"f559f0f3-6679-4383-b2b5-0474b1383b68","Health Event Resolved","Resolved","Resource Health","Informational","2024-03-07T20:32:41.133Z","e7dc935a-7e69-4b70-90e9-4a4eb71d7ca6","","MICROSOFT.COMPUTE/virtualmachinescalesets/virtualmachines","VMSS-SCALING14","/SUBSCRIPTIONS/E7DC935A-7E69-4B70-90E9-4A4EB71D7CA6/RESOURCEGROUPS/VMSS-SCALING14/PROVIDERS/MICROSOFT.COMPUTE/VIRTUALMACHINESCALESETS/SCALINGVMSS/VIRTUALMACHINES/5"
"f559f0f3-6679-4383-b2b5-0474b1383b68","Health Event Updated","Updated","Resource Health","Informational","2024-03-07T20:32:28.364Z","e7dc935a-7e69-4b70-90e9-4a4eb71d7ca6","","MICROSOFT.COMPUTE/virtualmachinescalesets/virtualmachines","VMSS-SCALING14","/SUBSCRIPTIONS/E7DC935A-7E69-4B70-90E9-4A4EB71D7CA6/RESOURCEGROUPS/VMSS-SCALING14/PROVIDERS/MICROSOFT.COMPUTE/VIRTUALMACHINESCALESETS/SCALINGVMSS/VIRTUALMACHINES/5"
"abe9428a-4d18-43a0-b247-e79b872dd4c7","Health Event Updated","Updated","Resource Health","Informational","2024-03-07T20:32:27.192Z","e7dc935a-7e69-4b70-90e9-4a4eb71d7ca6","","MICROSOFT.COMPUTE/virtualmachinescalesets/virtualmachines","VMSS-SCALING14","/SUBSCRIPTIONS/E7DC935A-7E69-4B70-90E9-4A4EB71D7CA6/RESOURCEGROUPS/VMSS-SCALING14/PROVIDERS/MICROSOFT.COMPUTE/VIRTUALMACHINESCALESETS/SCALINGVMSS/VIRTUALMACHINES/5"
"b5854c7f-625b-4859-a3e8-0c79945e3f5f","Health Event Updated","Updated","Resource Health","Informational","2024-03-07T20:32:27.192Z","e7dc935a-7e69-4b70-90e9-4a4eb71d7ca6","","MICROSOFT.COMPUTE/virtualmachinescalesets/virtualmachines","VMSS-SCALING14","/SUBSCRIPTIONS/E7DC935A-7E69-4B70-90E9-4A4EB71D7CA6/RESOURCEGROUPS/VMSS-SCALING14/PROVIDERS/MICROSOFT.COMPUTE/VIRTUALMACHINESCALESETS/SCALINGVMSS/VIRTUALMACHINES/4"
"6263737f-1af2-4a9e-8d37-5f17992c6f39","Autoscale scale up completed","Succeeded","Autoscale","Informational","2024-03-07T20:32:20.304Z","e7dc935a-7e69-4b70-90e9-4a4eb71d7ca6","Microsoft.Insights/autoscaleSettings","MICROSOFT.COMPUTE/virtualmachinescalesets","VMSS-SCALING14","/SUBSCRIPTIONS/E7DC935A-7E69-4B70-90E9-4A4EB71D7CA6/RESOURCEGROUPS/VMSS-SCALING14/PROVIDERS/MICROSOFT.COMPUTE/VIRTUALMACHINESCALESETS/SCALINGVMSS"
"6263737f-1af2-4a9e-8d37-5f17992c6f39","Autoscale scale up initiated","Succeeded","Autoscale","Informational","2024-03-07T20:32:20.304Z","e7dc935a-7e69-4b70-90e9-4a4eb71d7ca6","Microsoft.Insights/autoscaleSettings","MICROSOFT.COMPUTE/virtualmachinescalesets","VMSS-SCALING14","/SUBSCRIPTIONS/E7DC935A-7E69-4B70-90E9-4A4EB71D7CA6/RESOURCEGROUPS/VMSS-SCALING14/PROVIDERS/MICROSOFT.COMPUTE/VIRTUALMACHINESCALESETS/SCALINGVMSS"
"4e8dae26-8c5b-4b31-a423-d03b985f8f29","Health Event Activated","Active","Resource Health","Informational","2024-03-07T20:27:26.458Z","e7dc935a-7e69-4b70-90e9-4a4eb71d7ca6","","MICROSOFT.COMPUTE/virtualmachinescalesets/virtualmachines","VMSS-SCALING14","/SUBSCRIPTIONS/E7DC935A-7E69-4B70-90E9-4A4EB71D7CA6/RESOURCEGROUPS/VMSS-SCALING14/PROVIDERS/MICROSOFT.COMPUTE/VIRTUALMACHINESCALESETS/SCALINGVMSS/VIRTUALMACHINES/2"
"4e8dae26-8c5b-4b31-a423-d03b985f8f29","Health Event Updated","Updated","Resource Health","Informational","2024-03-07T20:26:56.714Z","e7dc935a-7e69-4b70-90e9-4a4eb71d7ca6","","MICROSOFT.COMPUTE/virtualmachinescalesets/virtualmachines","VMSS-SCALING14","/SUBSCRIPTIONS/E7DC935A-7E69-4B70-90E9-4A4EB71D7CA6/RESOURCEGROUPS/VMSS-SCALING14/PROVIDERS/MICROSOFT.COMPUTE/VIRTUALMACHINESCALESETS/SCALINGVMSS/VIRTUALMACHINES/2"
"4e8dae26-8c5b-4b31-a423-d03b985f8f29","Health Event Resolved","Resolved","Resource Health","Informational","2024-03-07T20:27:10.872Z","e7dc935a-7e69-4b70-90e9-4a4eb71d7ca6","","MICROSOFT.COMPUTE/virtualmachinescalesets/virtualmachines","VMSS-SCALING14","/SUBSCRIPTIONS/E7DC935A-7E69-4B70-90E9-4A4EB71D7CA6/RESOURCEGROUPS/VMSS-SCALING14/PROVIDERS/MICROSOFT.COMPUTE/VIRTUALMACHINESCALESETS/SCALINGVMSS/VIRTUALMACHINES/2"
"4e8dae26-8c5b-4b31-a423-d03b985f8f29","Health Event Updated","Updated","Resource Health","Informational","2024-03-07T20:27:24.277Z","e7dc935a-7e69-4b70-90e9-4a4eb71d7ca6","","MICROSOFT.COMPUTE/virtualmachinescalesets/virtualmachines","VMSS-SCALING14","/SUBSCRIPTIONS/E7DC935A-7E69-4B70-90E9-4A4EB71D7CA6/RESOURCEGROUPS/VMSS-SCALING14/PROVIDERS/MICROSOFT.COMPUTE/VIRTUALMACHINESCALESETS/SCALINGVMSS/VIRTUALMACHINES/2"
"566d1d79-c9e3-481b-9271-699d4cf4b3fa","Health Event Updated","Updated","Resource Health","Informational","2024-03-07T20:26:56.714Z","e7dc935a-7e69-4b70-90e9-4a4eb71d7ca6","","MICROSOFT.COMPUTE/virtualmachinescalesets/virtualmachines","VMSS-SCALING14","/SUBSCRIPTIONS/E7DC935A-7E69-4B70-90E9-4A4EB71D7CA6/RESOURCEGROUPS/VMSS-SCALING14/PROVIDERS/MICROSOFT.COMPUTE/VIRTUALMACHINESCALESETS/SCALINGVMSS/VIRTUALMACHINES/3"
"228db90f-d912-4abc-83e5-e0529ae4b211","Health Event Updated","Updated","Resource Health","Informational","2024-03-07T20:26:54.730Z","e7dc935a-7e69-4b70-90e9-4a4eb71d7ca6","","MICROSOFT.COMPUTE/virtualmachinescalesets/virtualmachines","VMSS-SCALING14","/SUBSCRIPTIONS/E7DC935A-7E69-4B70-90E9-4A4EB71D7CA6/RESOURCEGROUPS/VMSS-SCALING14/PROVIDERS/MICROSOFT.COMPUTE/VIRTUALMACHINESCALESETS/SCALINGVMSS/VIRTUALMACHINES/3"
"54298dc0-7716-48fd-9016-0494e34a8457","Health Event Updated","Updated","Resource Health","Informational","2024-03-07T20:26:54.730Z","e7dc935a-7e69-4b70-90e9-4a4eb71d7ca6","","MICROSOFT.COMPUTE/virtualmachinescalesets/virtualmachines","VMSS-SCALING14","/SUBSCRIPTIONS/E7DC935A-7E69-4B70-90E9-4A4EB71D7CA6/RESOURCEGROUPS/VMSS-SCALING14/PROVIDERS/MICROSOFT.COMPUTE/VIRTUALMACHINESCALESETS/SCALINGVMSS/VIRTUALMACHINES/2"
"e4fb28c1-e88d-4699-89b1-cd34244185aa","Autoscale scale up initiated","Succeeded","Autoscale","Informational","2024-03-07T20:26:48.523Z","e7dc935a-7e69-4b70-90e9-4a4eb71d7ca6","Microsoft.Insights/autoscaleSettings","MICROSOFT.COMPUTE/virtualmachinescalesets","VMSS-SCALING14","/SUBSCRIPTIONS/E7DC935A-7E69-4B70-90E9-4A4EB71D7CA6/RESOURCEGROUPS/VMSS-SCALING14/PROVIDERS/MICROSOFT.COMPUTE/VIRTUALMACHINESCALESETS/SCALINGVMSS"
"e4fb28c1-e88d-4699-89b1-cd34244185aa","Autoscale scale up completed","Succeeded","Autoscale","Informational","2024-03-07T20:26:48.523Z","e7dc935a-7e69-4b70-90e9-4a4eb71d7ca6","Microsoft.Insights/autoscaleSettings","MICROSOFT.COMPUTE/virtualmachinescalesets","VMSS-SCALING14","/SUBSCRIPTIONS/E7DC935A-7E69-4B70-90E9-4A4EB71D7CA6/RESOURCEGROUPS/VMSS-SCALING14/PROVIDERS/MICROSOFT.COMPUTE/VIRTUALMACHINESCALESETS/SCALINGVMSS"
"9817b8cf-1ebf-4ae3-afce-4f504baefb3b","Manual Upgrade Virtual Machine Scale Set","Succeeded","Administrative","Informational","2024-03-07T20:26:01.497Z","e7dc935a-7e69-4b70-90e9-4a4eb71d7ca6","zatovw@gmail.com","Microsoft.Compute/virtualMachineScaleSets","vmss-scaling14","/subscriptions/e7dc935a-7e69-4b70-90e9-4a4eb71d7ca6/resourceGroups/vmss-scaling14/providers/Microsoft.Compute/virtualMachineScaleSets/scalingVmss"
"9817b8cf-1ebf-4ae3-afce-4f504baefb3b","Manual Upgrade Virtual Machine Scale Set","Started","Administrative","Informational","2024-03-07T20:25:44.213Z","e7dc935a-7e69-4b70-90e9-4a4eb71d7ca6","zatovw@gmail.com","Microsoft.Compute/virtualMachineScaleSets","vmss-scaling14","/subscriptions/e7dc935a-7e69-4b70-90e9-4a4eb71d7ca6/resourceGroups/vmss-scaling14/providers/Microsoft.Compute/virtualMachineScaleSets/scalingVmss"
"9817b8cf-1ebf-4ae3-afce-4f504baefb3b","Manual Upgrade Virtual Machine Scale Set","Accepted","Administrative","Informational","2024-03-07T20:25:44.854Z","e7dc935a-7e69-4b70-90e9-4a4eb71d7ca6","zatovw@gmail.com","Microsoft.Compute/virtualMachineScaleSets","vmss-scaling14","/subscriptions/e7dc935a-7e69-4b70-90e9-4a4eb71d7ca6/resourceGroups/vmss-scaling14/providers/Microsoft.Compute/virtualMachineScaleSets/scalingVmss"
"b064c9aa-8e8c-43af-b37a-a9d152e40485","Health Event Updated","Updated","Resource Health","Informational","2024-03-07T20:24:45.893Z","e7dc935a-7e69-4b70-90e9-4a4eb71d7ca6","","MICROSOFT.COMPUTE/virtualmachinescalesets","VMSS-SCALING14","/SUBSCRIPTIONS/E7DC935A-7E69-4B70-90E9-4A4EB71D7CA6/RESOURCEGROUPS/VMSS-SCALING14/PROVIDERS/MICROSOFT.COMPUTE/VIRTUALMACHINESCALESETS/SCALINGVMSS"
"4927e7a1-3d6b-4abf-94d6-77814034eeff","Create or Update Virtual Machine Scale Set","Succeeded","Administrative","Informational","2024-03-07T20:23:00.985Z","e7dc935a-7e69-4b70-90e9-4a4eb71d7ca6","zatovw@gmail.com","Microsoft.Compute/virtualMachineScaleSets","vmss-scaling14","/subscriptions/e7dc935a-7e69-4b70-90e9-4a4eb71d7ca6/resourcegroups/vmss-scaling14/providers/Microsoft.Compute/virtualMachineScaleSets/scalingVmss"
"4927e7a1-3d6b-4abf-94d6-77814034eeff","Create or Update Virtual Machine Scale Set","Started","Administrative","Informational","2024-03-07T20:22:09.148Z","e7dc935a-7e69-4b70-90e9-4a4eb71d7ca6","zatovw@gmail.com","Microsoft.Compute/virtualMachineScaleSets","vmss-scaling14","/subscriptions/e7dc935a-7e69-4b70-90e9-4a4eb71d7ca6/resourceGroups/vmss-scaling14/providers/Microsoft.Compute/virtualMachineScaleSets/scalingVmss"
"4927e7a1-3d6b-4abf-94d6-77814034eeff","'audit' Policy action.","Succeeded","Policy","Warning","2024-03-07T20:22:09.586Z","e7dc935a-7e69-4b70-90e9-4a4eb71d7ca6","zatovw@gmail.com","Microsoft.Compute/virtualMachineScaleSets","vmss-scaling14","/subscriptions/e7dc935a-7e69-4b70-90e9-4a4eb71d7ca6/resourceGroups/vmss-scaling14/providers/Microsoft.Compute/virtualMachineScaleSets/scalingVmss"
"4927e7a1-3d6b-4abf-94d6-77814034eeff","Append","Succeeded","Policy","Informational","2024-03-07T20:22:09.586Z","e7dc935a-7e69-4b70-90e9-4a4eb71d7ca6","zatovw@gmail.com","Microsoft.Compute/virtualMachineScaleSets","vmss-scaling14","/subscriptions/e7dc935a-7e69-4b70-90e9-4a4eb71d7ca6/resourceGroups/vmss-scaling14/providers/Microsoft.Compute/virtualMachineScaleSets/scalingVmss"
"4927e7a1-3d6b-4abf-94d6-77814034eeff","'auditIfNotExists' Policy action.","Started","Policy","Informational","2024-03-07T20:22:14.664Z","e7dc935a-7e69-4b70-90e9-4a4eb71d7ca6","zatovw@gmail.com","Microsoft.Compute/virtualMachineScaleSets","vmss-scaling14","/subscriptions/e7dc935a-7e69-4b70-90e9-4a4eb71d7ca6/resourceGroups/vmss-scaling14/providers/Microsoft.Compute/virtualMachineScaleSets/scalingVmss"
"4927e7a1-3d6b-4abf-94d6-77814034eeff","Create or Update Virtual Machine Scale Set","Accepted","Administrative","Informational","2024-03-07T20:22:14.695Z","e7dc935a-7e69-4b70-90e9-4a4eb71d7ca6","zatovw@gmail.com","Microsoft.Compute/virtualMachineScaleSets","vmss-scaling14","/subscriptions/e7dc935a-7e69-4b70-90e9-4a4eb71d7ca6/resourceGroups/vmss-scaling14/providers/Microsoft.Compute/virtualMachineScaleSets/scalingVmss"
"ed65c116-2e10-45db-898f-9fa79f8dec10","Health Event Resolved","Resolved","Resource Health","Informational","2024-03-07T20:22:35.944Z","e7dc935a-7e69-4b70-90e9-4a4eb71d7ca6","","MICROSOFT.COMPUTE/virtualmachinescalesets/virtualmachines","VMSS-SCALING14","/SUBSCRIPTIONS/E7DC935A-7E69-4B70-90E9-4A4EB71D7CA6/RESOURCEGROUPS/VMSS-SCALING14/PROVIDERS/MICROSOFT.COMPUTE/VIRTUALMACHINESCALESETS/SCALINGVMSS/VIRTUALMACHINES/1"
"ed65c116-2e10-45db-898f-9fa79f8dec10","Health Event Updated","Updated","Resource Health","Informational","2024-03-07T20:22:21.351Z","e7dc935a-7e69-4b70-90e9-4a4eb71d7ca6","","MICROSOFT.COMPUTE/virtualmachinescalesets/virtualmachines","VMSS-SCALING14","/SUBSCRIPTIONS/E7DC935A-7E69-4B70-90E9-4A4EB71D7CA6/RESOURCEGROUPS/VMSS-SCALING14/PROVIDERS/MICROSOFT.COMPUTE/VIRTUALMACHINESCALESETS/SCALINGVMSS/VIRTUALMACHINES/1"
"3e5e596f-17c7-4894-aecf-2e4adc1cefd4","Health Event Updated","Updated","Resource Health","Informational","2024-03-07T20:22:20.476Z","e7dc935a-7e69-4b70-90e9-4a4eb71d7ca6","","MICROSOFT.COMPUTE/virtualmachinescalesets/virtualmachines","VMSS-SCALING14","/SUBSCRIPTIONS/E7DC935A-7E69-4B70-90E9-4A4EB71D7CA6/RESOURCEGROUPS/VMSS-SCALING14/PROVIDERS/MICROSOFT.COMPUTE/VIRTUALMACHINESCALESETS/SCALINGVMSS/VIRTUALMACHINES/1"
"792cd8e6-a37a-4036-aaa1-0ad7748c0d95","Health Event Updated","Updated","Resource Health","Informational","2024-03-07T20:22:20.476Z","e7dc935a-7e69-4b70-90e9-4a4eb71d7ca6","","MICROSOFT.COMPUTE/virtualmachinescalesets/virtualmachines","VMSS-SCALING14","/SUBSCRIPTIONS/E7DC935A-7E69-4B70-90E9-4A4EB71D7CA6/RESOURCEGROUPS/VMSS-SCALING14/PROVIDERS/MICROSOFT.COMPUTE/VIRTUALMACHINESCALESETS/SCALINGVMSS/VIRTUALMACHINES/0"
